""	"All Nightmare Long Tab by Metallica - E-Chords"	"cifra/idmusica/132954/keyb/true.htm"
""	"And Justice For All Tab by Metallica - E-Chords"	"cifra/idmusica/16237/keyb/true.htm"
"F#m E"	"Breadfan Tab by Metallica - E-Chords"	"cifra/idmusica/16242/keyb/true.htm"
"Em C Em C Em C Em C Em C Em C Em C Em C G F# G F# Em C D F G Em C D F G Em C D F G Em C D B7 Em C Em C Em C Em C Em C Em C Em C Em C Em C Em C Em C Em C G F# G F# Em C D F G Em C D F G Em C D F G Em C D B7 Em C Em C Em C Em C Em F D Em G F Em F D Em Em F D Em G F Em F D Em Em C Em C Em C Em C Em C Em C Em C Em C G F# G F# Em C D F G Em C D F G Em C D F G Em C D B7 Em C Em C Em"	"Creeping Death Acoustic Tab by Metallica - E-Chords"	"cifra/idmusica/140332/keyb/true.htm"
"Eb D"	"Damage Case Tab by Metallica - E-Chords"	"cifra/idmusica/148769/keyb/true.htm"
"B5 G5 F#5 B5 G5 F#5 B5 G5 F#5 B5 B5 B5 G5 B5 G5 D5 C#5 B5 G5 D5 C#5 B5 G5 D5 C#5 B5 G5 D5 C#5 B5 G5 D5 C#5 B5 B5 G5 F#5 B5 G5 F#5 B5 B5 E5 G5 B5 G5 D5 C#5 B5 G5 D5 C#5 B5 G5 D5 C#5 B5 G5 D5 C#5 B5 G5 D5 C#5 B5 G5 D5 C#5 B5 G5 F#5 B5 G5 F#5 E5 B5 E5 G5 B5"	"Die die my darling Tab by Metallica - E-Chords"	"cifra/idmusica/9775/keyb/true.htm"
"E5 A5 E5 E5 G5 F#5 G5 F#5 E5 F5 F5 G5 F#5 G5 F#5 E5 F5 F5 G5 F#5 G5 F#5 F#5 B5 F#5 B5 F#5 B5 E5 F#5 B5 E5 G5 F#5 G5 F#5 E5 E5 F5 F5 G5 F#5 G5 F#5 E5 F5 F5 G5 F#5 B5 F#5 B5 F#5 B5 E5 F#5 B5 E5 G5 F#5 G5 F#5 E5 E5 G5 F#5 E5 G5 F#5 G5 F#5 F#5 B5 F#5 B5 F#5 B5 E5 F#5 B5 E5 E5 E F#5 F#5 B5 F#5 B5 F#5 B5 E5 F#5 B5 E5 F#5 B5 F#5 B5 F#5 B5 E5 F#5 B5 E5 G5 F#5 G5 F#5 E5 E5 E5 G5 E F5"	"Enter Sandman Tab by Metallica - E-Chords"	"cifra/idmusica/16249/keyb/true.htm"
""	"Enter Sandman By Metallica Tab by Metallica - E-Chords"	"cifra/idmusica/147593/keyb/true.htm"
"Bm Bm/A Bm A/C# Bm Bm/A Bm A/C# Bm Bm/A Bm A/C# Bm Bm/A Bm A/C# F6 E/G# E/B Am C G Em Am C G Em Am C G Em Am C G Em Am C G Em Am C G E A C A D5 E5 C5 A C G#5 F#5 E A C A D5 E5 C5 A C G#5 F#5 E Am C G Em Am C G Em Am C G Em Am C G E A C A D5 E5 C5 A C G#5 F#5 E A C A D5 E5 C5 A C G#5 F#5 E D5 E5 D5 E5 G5 F#5 D5 D5 E5 D5 E5 G5 F#5 D5 D5 E5 D5 E5 G5 F#5 D5 D5 E5 D5 E5 G5 F#5 D5 D5 E5 D5 E5 G5 F#5 D5 D5 E5 D5 E5 G5 F#5 D5 D5 E5 D5 E5 G5 F#5 D5 D5 E5 D5 E5 G5 F#5 D5 D5 E5 D5 E5 G5 F#5 D5 E5 G5 F#5 D A5 G5 A5 B5 G5 B5 A5 B5 A5 G5 A5 A5 B5 A5 G5"	"Fade To Black Tab by Metallica - E-Chords"	"cifra/idmusica/16251/keyb/true.htm"
""	"Fade to black(ver.3) Tab by Metallica - E-Chords"	"cifra/idmusica/83006/keyb/true.htm"
"E5 G5 A5 G5 A5 G5 A5 G5 A5 E5 E5 G5 E5 E5 B5 Bb5 A5 E5 E5 G5 E5 E5 B5 Bb5 A5 E5 E5 A5 G5 A5 E5 A5 C D E5 E5 E5 A5 E5 E5 G5 E5 G5 E5 G5 G5 A5 G5 A5 E5 G5 E5 E5 B5 Bb5 A5 E5 G5 E5 E5 B5 Bb5 A5 E5 E5 A5 G5 A5 E5 A5 C D E5 E5 E5 A5 E5 E5 E5 E5 A5 E5 E5 A5 G5 A5 E5 A5 C D E5 E5 E5 A5 E5 E5 A5"	"Fuel Tab by Metallica - E-Chords"	"cifra/idmusica/16255/keyb/true.htm"
"Dm Dm2 Dm Dm4 Dm Dm2 Dm2 Dm C Am"	"Mama Said Tab by Metallica - E-Chords"	"cifra/idmusica/16263/keyb/true.htm"
"Dm C Ami Dm C Ami G Dm C Ami G Dm C Ami G Dm C B G Ami Dm C Ami G Dm C Ami G Dm C Ami G Dm C B G Ami 2�"	"Mama said (obkukane Z concert) Tab by Metallica - E-Chords"	"cifra/idmusica/86463/keyb/true.htm"
"B D C# C"	"Master of puppets intro Tab by Metallica - E-Chords"	"cifra/idmusica/93654/keyb/true.htm"
"Dm/A A5 Dm/A A5 Dm/A Am Dm/A Am Dm/A Dm/A Am Dm/A Am Dm/A Am Dm/A Am A5 F#5 E5 A5 B5 F#5 E5 A5 A#5 B5 E5 F#5 E5 A5 B5 F#5 E5 A5 A#5 B5 E5 Dm/A Dm/A Am Dm/A Am Dm/A Am Dm/A Am A5 F#5 E5 A5 B5 F#5 E5 A5 A#5 B5 E5 F#5 E5 A5 B5 F#5 E5 A5 A#5 B5 E5 Dm/A Dm/A Am Dm/A Am Dm/A Am Dm/A Am Dm/A Am Dm/A Am Am Dm/A Am F#5 E5 A5 B5 F#5 E5 A5 A#5 B5 E5 F#5 E5 A5 B5 F#5 E5 A5 A#5 B5 E5 F#5 E5 A5 B5 F#5 E5 A5 A#5 B5 E5 Dm/A Dm/A Am E5 A5 A#5 B5 F#5"	"My Friend Of Misery Tab by Metallica - E-Chords"	"cifra/idmusica/61225/keyb/true.htm"
"A B C B Em A B G C B A B C B Em A B"	"No Leaf Clover Tab by Metallica - E-Chords"	"cifra/idmusica/16267/keyb/true.htm"
"Em D C Em D C Em D C G B Em Em D C Em D C Em D C G B7 Em Em D C Em D C Em D C G B7 Em C A D C A D C A D Em C A D C A D C A D C A D C A D Em"	"Nothing Else Matters Tab by Metallica - E-Chords"	"cifra/idmusica/9782/keyb/true.htm"
"Em D C Em D C Em D C G B7 Em Em D C Em D C Em D C G B7 Em Em D C Em D C Em D C G B7 Em C A D D4 D D9 D C A D D4 D D9 D D Em C A D D4 D D9 D C A D D4 D D9 D C A D D4 D D9 D C A D D4 D D9 D D Em"	"Nothing Else Matters (Unpluged) Tab by Metallica - E-Chords"	"cifra/idmusica/9820/keyb/true.htm"
""	"Nothing Else Matters (ver. 2) Tab by Metallica - E-Chords"	"cifra/idmusica/61144/keyb/true.htm"
"B A9 G B B A9 G B B A9 G B B A9 G B B A9 G B B A9 G B B A C# B A G F# B A C# B A G F# B A G F# B A G F# B A G C# B C# A"	"St. Anger Tab by Metallica - E-Chords"	"cifra/idmusica/9774/keyb/true.htm"
"C Am G Em C Am G Em C Am G Em C Am G Em C Am G Em C D Am G Em C Am G Em C Am G Em C Am G Em C E5 E Am G Am Am G Am Am G Em C Am G Em C Am G Em C Am G Em C D Am G Em C Am G Em C Am G Em C Am G Em C E5 E5 G5 A5 C5 B5 C5 E5 B5 E5 E5 B5 Bb5 E5 E5 E5 B5 Bb5 E5 E5 E5 B5 Bb5 E5 F#5 A5 F#5 A5 F#5 A5 A5 F#5 A5 F#5 A5 A5 B5 G#5 B5 C#5 A5 C#5 D5 B5 D5 E"	"The Day Never Comes Tab by Metallica - E-Chords"	"cifra/idmusica/133429/keyb/true.htm"
"C Am G Em C Am G Em C Am G Em C Am G Em C Am G Em C D Am G Em C Am G Em C Am G Em C Am G Em C E5 E Am G Am Am G Am Am G Em C Am G Em C Am G Em C Am G Em C D Am G Em C Am G Em C Am G Em C Am G Em C E5 E5 G5 A5 C5 B5 C5 E5 B5 E5 E5 B5 Bb5 E5 E5 E5 B5 Bb5 E5 E5 E5 B5 Bb5 E5 F#5 A5 F#5 A5 F#5 A5 A5 F#5 A5 F#5 A5 A5 B5 G#5 B5 C#5 A5 C#5 D5 B5 D5 E"	"The Day That Never Comes (ver.2) Tab by Metallica - E-Chords"	"cifra/idmusica/139382/keyb/true.htm"
"Am Bb F Am Am G Am G Am G C Am G Am G Am G Am G C G Am G Am G Am C G Am Am C G Am Bb F Am Am G Am G Am G C Am G Am G Am G Am C G Am G Am G Am C G Am Am C G Am Bb C F Am G C G Am Am C G Am C G Am C G Am Bb F Am C F G Am Am G Am C G Am G Am G Am G Am G Am Bb C F Am G C G Am G Am"	"The Memory Remains Tab by Metallica - E-Chords"	"cifra/idmusica/9778/keyb/true.htm"
"Am Em D Am Em D Am Em D Am Em D Am C G Am G C G E Am C G E Am C G E Am C G E Am C G E Am Am Em D Am Em D Am Em D Am Em D Am C G D Am C G E"	"The Unforgiven Tab by Metallica - E-Chords"	"cifra/idmusica/9779/keyb/true.htm"
"A5 A5 C5 E5 E5 D5 D5 D5 D5 A5 A5 A5 A5 A5 C5 E5 E5 D5 D5 D5 D5 A5 A5 A5 A5 A5 C5 E5 E5 D5 D5 D5 D5 A5 A5 A5 A5 A5 C5 E5 E5 D5 D5 D5 D5 A5 C5 G5 C5 G5 E5"	"The Unforgiven (ver. 2) Tab by Metallica - E-Chords"	"cifra/idmusica/53504/keyb/true.htm"
"Em G D Bm Em G D Bm Em G D Bm Em G D Bm Em G D Bm Em G D Bm Em G D Bm Em G D Bm Em G D Bm Em G D Bm C Am D Em Em G D Bm Em G Bm D Em G D Bm Em G Bm D Em Em G D Bm Em G D Bm Em G D Bm Em G D Bm Em G D Bm Em G D Bm C Em D Bm Em Em G D Bm Em G D Bm Em G D Bm Em G D Bm C Em D Em Em G D Bm Em G Bm D Em G Em D Em G D Em"	"The Unforgiven II Tab by Metallica - E-Chords"	"cifra/idmusica/9780/keyb/true.htm"
"Am C G Em Am C G Em Am C G Em Am C G Em Am C G Em Am C G Em Am C G Em Am C G Em Am C G Em Am C G Em Dm F G F Am Am G C E7 Am G C E7 Am G C E7 Am G C E7 Am C G Em Am C G Em Am C G Em Am C G Em Am C G E7 Dm F G F Am Am C G Em Am C G Em Am C G Em Dm F G E7 E7 Am G C E7 Am G C E7 Am C G E7 Am C G E7 Am G C D G"	"The Unforgiven II (ver. 2) Tab by Metallica - E-Chords"	"cifra/idmusica/93864/keyb/true.htm"
"Em Em G D C B E5 Em Em C B E5 D5 B5 E5 D5 B5 E5 D5 B5 E5 D5 B5 E5 C5 D5 G5 E5 E5 C5 D5 G5 E5 E5 Em C B Em C B Em C B Em C B Em E5 D5 B5 E5 D5 B5 E5 D5 B5 E5 D5 B5 E5 C5 D5 G5 E5 E5 C5 D5 G5 E5 E5 Em C B Em C B Em C B Em C B Em E5 E5 F# E5 G E5 F# E5 E5 F# E5 G E5 F# E5 E5 F# E5 G E5 F# E5 F#5 G5 F#5 E5 F#5 G5 F#5 E5 E5 E5 E5 D5 B5 B5 C5 D5 G5 E5 E5 C5 B5 E5 C5 B5 E5 Em C B Em C B Em C B Em C B Em"	"The Unforgiven Iii Tab by Metallica - E-Chords"	"cifra/idmusica/134396/keyb/true.htm"
"E5 A5 Bb5 B5 C5 E5 F5 F5 E5 Bb5 A5 Bb5 E5 Bb5 G5 Bb5 B5 C5 E5 E5 A5 Bb5 B5 C5 F5 E5 Bb5 A5 G5 E5 A5 Bb5 B5 C5 E5 F5 F5 E5 Bb5 A5 Bb5 E5 Bb5 G5 Bb5 B5 C5 E5 F5 E5 Bb5 A5 G5 E5 F5 E5 Bb5 A5 G5 E5 A5 Bb5 B5 C5 E5 F5 E5 Bb5 B5 C5 E5 E5 A5 Bb5 B5 C5 F5 E5 Bb5 A5 G5 C5 B5 Bb5 E5 E5 A5 Bb5 B5 C5 A5 Bb5 B5 C5 E5 A5 Bb5 B5 C5 E5 A5 Bb5 B5 C5"	"Wherever I May Roam Tab by Metallica - E-Chords"	"cifra/idmusica/9781/keyb/true.htm"
"G G F# Em C G G G F# Em C G D D C# C C C G"	"Whisky In The Jar Tab by Metallica - E-Chords"	"cifra/idmusica/117193/keyb/true.htm"
"G G F# Em C G G G F# Em C G D D C# C C C G"	"Wisky In The Jar Tab by Metallica - E-Chords"	"cifra/idmusica/139702/keyb/true.htm"
